IGHV4.38.2	IGHV4.38.2.1	IGHV3.41	IGHV3.41.1	IGHV3.72	IGHV3.72.1	IGHV3.30.3	IGHV3.30.3.1	IGHV3.64	IGHV3.64.1	IGHV7.4.1	IGHV7.4.1.1	IGHV3.71	IGHV3.71.1	IGHV4.31	IGHV4.31.1	IGHV1.46	IGHV1.46.1	IGHV2.26	IGHV2.26.1	IGHV1.58	IGHV1.58.1	IGHV1.8	IGHV1.8.1	IGHV3.13	IGHV3.13.1	IGHV4.30.4	IGHV4.30.4.1	IGHV6.1	IGHV6.1.1	IGHV3.11	IGHV3.11.1	IGHV3.48	IGHV3.48.1	IGHV3.19	IGHV3.19.1	IGHV4.61	IGHV4.61.1	IGHV3.15	IGHV3.15.1	IGHV3.33	IGHV3.33.1	IGHV1.24	IGHV1.24.1	IGHV5.10.1	IGHV5.10.1.1	IGHV3.43	IGHV3.43.1	IGHV3.7	IGHV3.7.1	IGHV3.21	IGHV3.21.1	IGHV4.4	IGHV4.4.1	IGHV4.59	IGHV4.59.1	IGHV3.66	IGHV3.66.1	IGHV3.69.1	IGHV3.69.1.1	IGHV4.30.2	IGHV4.30.2.1	IGHV3.73	IGHV3.73.1	IGHV4.34	IGHV4.34.1	IGHV3.49	IGHV3.49.1	IGHV1.69	IGHV1.69.1	IGHV3.53	IGHV3.53.1	IGHV2.70	IGHV2.70.1	IGHV5.51	IGHV5.51.1	IGHV2.5	IGHV2.5.1	IGHV4.39	IGHV4.39.1	IGHV3.52	IGHV3.52.1	IGHV3.23	IGHV3.23.1	IGHV3.22	IGHV3.22.1	IGHV3.9	IGHV3.9.1	IGHV3.30	IGHV3.30.1	IGHV1.2	IGHV1.2.1	IGHV1.18	IGHV1.18.1	IGHV1.3	IGHV1.3.1	IGHV3.74	IGHV3.74.1	IGHV3.20	IGHV3.20.1
0.00447951341799203	0.00602759154203198	0	1.61165549252192E-05	0.00624666091316319	0.0194526817947396	0.0316031726462006	0.023675219185147	0.00271236592282086	0.0042870036101083	0.00649323963341964	0.00174058793192367	0.00152056877491472	0	0.00698639707393252	1.61165549252192E-05	0.00739736160769326	0.00625322331098504	0.00115070069453006	0.000918643630737494	0.00427403115111166	0	0.00895902683598405	0.00678506962351728	0.0144659515883779	0.0219507478081485	0.00275346237619693	0.00122485817431666	0.0046849956848724	0.00220796802475503	0.032384005260346	0.0296866941722537	0.0775079110672749	0.0509283135636926	0.00110960424115399	4.83496647756576E-05	0.0068631077138043	0.00778429602888087	0.0375621583857313	0.054635121196493	0.0438499157522706	0.000273981433728726	0.00505486376525706	0.001176508509541	0.00180824394854724	0	0.0114659104919245	0.0399207065497679	0.0606172687297086	0.046028880866426	0.0460691242345786	0.0459321815368747	0.00427403115111166	0.00449651882413615	0.0182057288456006	0.0197911294481692	0.00423293469773559	0.0185018050541516	0.00172605104179509	0	0.00382197016397485	0.000112815884476534	0.00723297579418896	0.00778429602888087	0.0376854477458595	0.0180344249613203	0.00702749352730859	0.0139891696750903	0.0193975259935068	0.000821944301186178	0.0276579131220976	0.000338447653429603	0.00230140138906012	1.61165549252192E-05	0.0133563473472239	0.00485108303249098	0.00345210208359019	0.00212738525012893	0.0162330990835491	0.0184373388344507	0.00197262976205153	1.61165549252192E-05	0.176714749517117	0.249742135121197	0.000863025520897547	0.00286874677668901	0.0410553569226976	0.0459966477565756	0.100768503678133	0.15517019082001	0.0180413430320963	0.00365845796802475	0.0160276168166687	0.00783264569365652	0.00801380840833436	0.00215961835997937	0.0339456704886368	0.0521854048478597	0.00427403115111166	4.83496647756576E-05
0	0	0.000962943285960951	0	0.00687342276530748	0.0290654238855882	0.0477819099482003	0.0743889857341065	0.00167684951520786	0.00636806716709951	0.00348651879399655	3.55757942296062E-05	0.00141120998804622	0	0.0064085535927746	0.00259703297876125	0.0126344800106256	0	0.0012451852835702	0.00398448895371589	0.000929738345065746	0.0136611049841688	0.00735489440828795	0.0368209470276424	0.0136472307079293	0.0597673343057384	0.00290543232833046	0	0.0120201886040643	0.00590558184211463	0.0422698897595962	0.000106727382688819	0.0439301368043565	0.00722188622861005	0.0025567804489308	0	0.00825142781245849	0.000106727382688819	0.0331883384247576	0.015262015724501	0.0708593438703679	0.104521683446583	0.00936379333244787	0.00554982389981856	0.0102437242661708	0	0.0128005047151016	0	0.0783636605126843	0.128606496140026	0.0463374950192589	0.0197089900032018	0.00401779784831983	0	0.024272811794395	0.0216300828916006	0.00111236551998937	0.0419794371909353	0.00154402975162704	0	0.000514676583875681	3.55757942296062E-05	0.00378536326205339	0.0158668042264044	0.0493923495816177	0.0216656586858302	0.0051135608978616	0	0.0142781245849382	0.00192109288839873	0.0286558639925621	0.00412679213063432	0.00307145703280648	0.000355757942296062	0.013829857882853	0.00530079334021132	0.00449926949130031	0.00195666868262834	0.0308971975029884	0.0182148066455584	0.000348651879399655	0	0.161143578164431	0.173752179017397	0.0019424890423695	7.11515884592124E-05	0.0318269358480542	0.000711515884592124	0.0542070660114225	0.0434380447543491	0.0172499667950591	0.0104592835035042	0.0142117147031478	0.00195666868262834	0.0123024306016735	0.00818243267280942	0.0374551733297915	0.11469636059625	0.00262319033072121	0
0.0106173473756315	0	0	9.74184120798831E-05	0.00505180238034078	0.0145640526059425	0.000171247538316637	9.74184120798831E-05	0.00462368353454919	0.00798830979055041	0.000770613922424865	0.00370189965903556	0.00239746553643291	0	0.00051374261494991	0.0131514856307842	0.00633615891771556	0.00988796882610813	0.000770613922424865	0.00370189965903556	0.000941861460741502	0.000828056502679006	0.0138710506036476	0.0105698977106673	0.0196934669064132	0.0128592303945446	0	0	0.00616491137939892	0.0170482221139795	0.0522304991865742	0.0363857769118363	0.053514855723949	0.0594252313687287	0.0023118417672746	0	0.0124154465279562	0	0.043839369809059	0.0418412079883098	0.0357051117390188	0.0381880175353142	0.00376744584296601	0.000146127618119825	8.56237691583184E-05	0	0.000256871307474955	0.0219191427179737	0.0732083226303622	0.0944958597174866	0.055141707337957	0.0259620068192888	0.0442674886548506	0.023331709693132	0.0281702200530867	0.0546030199707745	0.0291120815138282	0.0589381393083293	8.56237691583184E-05	0.000146127618119825	0	0	0.0032537032280161	0.00862152946906965	0.0338213888175357	0.0188504627374574	0.00102748522989982	0.00228933268387725	0.00428118845791592	0.00555284948855334	0.0268002397465536	0.0103263516804676	0.000599366384108228	0.00219191427179737	0.00967548591488997	0.00438382854359474	0.00821988183919856	0.00287384315635655	0.0283414675914034	0.0278129566488066	0.0083911293775152	0	0.167993835088621	0.162640038967365	0.00299683192054114	0	0.0429831321174758	0.0562104237700925	0.0194365955989383	0.0556746225036532	0.00265433684390787	0.00823185582075012	0.0276564774381368	0.00930345835362884	0.00684990153266547	0.00837798343886995	0.0786026200873362	0.0512907939600585	0.0172960013699803	0.0129079396005845
0	0	0.00244877136297934	0.000381133873272987	0.00499957486608282	0.0237573447673495	0.0414590596037752	0.000127044624424329	0.00540770342657937	0.000730506590439892	0.00231272850948049	0	0.00263583028654026	0.00139749086866762	0.00620695519088513	0.0112434492615531	0.00807754442649435	0.00292202636175957	0.00154748745854944	0.000254089248848658	0.000697219624181617	0.00171510242972844	0.0152027888784967	0.00203271399078926	0.0154918799421818	0.0143242814038431	0.00278887849672647	0	0.00603690162401156	0.0188026044148007	0.0351840829861406	0.0384627600444656	0.0574951109599524	0.0516118786723837	0.000714224980868974	6.35223122121645E-05	0.00532267664314259	0.00708273781165634	0.032769322336536	0.035890106399873	0.0547062324632259	0.0262982372558361	0.00452342487883683	0.00882960139749087	0	0.00473241225980626	0.0173794745344784	0.0039383833571542	0.0421732845846442	0.0863585834524377	0.0664229232208146	0.0276639669683976	0.00581583198707593	0.00956010798793076	0.0338916758779015	0.0308400825790059	0.0171413995408554	3.17611561060823E-05	0	0	0.00219369101266899	0.00371605526441162	0.00542470878326673	0.00565348578688264	0.0446730720176856	0.0275686835000794	0.00346909276422073	3.17611561060823E-05	0.0128730550123289	0.00539939653803398	0.0314599098716096	0.0554549785612196	0.00297593742028739	0	0.0140804353371312	0.0233444497379705	0.00290791599353796	0.00327139907892647	0.024708783266729	0.0438303954263935	0.00331604455403452	0.0129585516912816	0.132301675027634	0.137239955534381	0.00561176770682765	0	0.0611172519343593	0.0348737494044783	0.0793810050165802	0.138510401778625	0.00868973726723918	0.0248689852310624	0.0221749851203129	0.0113387327298714	0.00833262477680469	0.00231856439574401	0.0282458974576992	0.0499285373987613	0.0108324122098461	0.0106399872955376
0.004695885509839	3.7219689215595E-05	0.000402504472271914	0.00200986321764213	0.025	0.0154461710244719	0.000178890876565295	0.025272168977389	0.000491949910554562	0.00200986321764213	0.00268336314847943	0.000130268912254583	0.0009391771019678	3.7219689215595E-05	4.47227191413238E-05	0.0154833907136875	0.00688729874776386	0.00882106634409603	0.000670840787119857	0.00493160882106634	0.00245974955277281	0	0.0156529516994633	0.00722061970782544	0.0116726296958855	0.0262026612077789	0	0.00485716944263515	0.00796064400715563	0.0150367544431004	0.0521914132379249	0.0387643063180422	0.0743738819320215	0.055978412580255	0	0.0014887875686238	0.004695885509839	0.0237647715641574	0.0317531305903399	0.0636456685586675	0.0275939177101968	0.0239694798548432	0.00366726296958855	0.0075183772215502	0	5.58295338233926E-05	0.0028175313059034	0.000390806736763748	0.0773255813953488	0.0790918395831395	0.0493738819320215	0.0332371824695264	0.013953488372093	0.0178468409788778	0.0197227191413238	0.0640364752954313	0.0045169946332737	0.0203963896901461	0.000134168157423971	0	0.00107334525939177	0.000837443007350889	0.00183363148479428	0.0148320461524146	0.0234347048300537	0.00971433888527031	0.00147584973166369	0.000967711919605471	0.0178443649373882	0.000632734716665116	0.028309481216458	0.0234670140504327	0.00304114490161002	0.00113520052107565	0.0111806797853309	0.00636456685586675	0.0037567084078712	0.00783474457988276	0.0147137745974955	0.0233181352935703	0.00129695885509839	0.0074811575323346	0.223121645796064	0.158239508700102	0.0018783542039356	0.00353587047548153	0.0606440071556351	0.0310970503396297	0.0818425760286225	0.0701218944821811	0.0221377459749553	0.0106448311156602	0.0125223613595707	0.0120219596166372	0.0045169946332737	0.00623429794361217	0.0326923076923077	0.0500418721503675	0.00746869409660107	0.00325672280636457
0.0245319371111732	9.32458894103752E-05	0.00288264968452635	9.32458894103752E-05	0.0100451517067933	0.0056258353277593	0.011898283646846	9.32458894103752E-05	0.00867736384627829	0.00136760637801884	0.00511817392966923	0	0.00260320915388349	0.00652721225872626	0	0.00466229447051876	0.00361801950200756	0.0100705560563205	0.000235318341593988	0.000559475336462251	1.47073963496242E-05	0	0.00469165943553013	0.00118111459919809	0.00786845704704896	0.0148571783793864	0.00523583310046622	0	0.00864794905357904	0.00217573741957542	0.0365478799288162	0.0181207845087496	0.0693012515994293	0.0807198582662481	0.00185313194005265	0	0.00626535084493992	0.000590557299599043	0.0463430058976659	0.0210735710067448	0.0015148618240113	0.0877754638982998	0.00222081684879326	0.0112516706555186	0	0.00823672023124981	0.0262968246731281	0.00780157274733472	0.0882443780977454	0.0492959935349517	0.0454605621166885	0.0667329748546918	0.00826555674848881	0.0109097690610139	0.0347094553851132	0.0440120598016971	0.0372685423499478	0.0416187486401641	0.00251496477578574	0	0	3.10819631367917E-05	0.00176488756195491	0.00568799925403289	0.0334004971099966	0.0389767817735368	0.00372097127645493	0.00391632735523576	0.00682423190622564	0.0225655052373108	0.0130895827511656	0.0148260964162496	0.000367684908740606	0.000590557299599043	0.00705955024781963	0.0115624902868865	0.00370626388010531	0.00158518011997638	0.041916079596429	0.0145463587480185	0.00104422514082332	3.10819631367917E-05	0.165605282896769	0.228980822428745	0.00691247628432339	0.0127125229229478	0.0263556542585266	0.0613868771951636	0.0840968923271513	0.00755291704224039	0.0106775697498272	0.018959997513443	0.0106334475607783	0.0107543592453299	0.00460341505743238	0.012681440959811	0.0578000676540232	0.0280980946756597	0.00820672716309032	3.10819631367917E-05
0.000112473287594196	0.00650969529085873	0.00213699246428973	0.00564404432132964	0.00641097739286919	0.0152354570637119	0.0416151164098527	0.0344529085872576	0.00146215273872455	0.000346260387811634	0	0.00010387811634349	0.00911033629512991	0.00277008310249307	0.0203576650545495	0.00373961218836565	0.0323923068271286	0.0171052631578947	0.000112473287594196	0.000623268698060942	0	0	0.000112473287594196	0	0.0169834664267237	0.00668282548476454	0.00146215273872455	0.000173130193905817	0.000224946575188393	0.00775623268698061	0.0094477561579125	0.00159279778393352	0.00877291643234732	0.0549861495844875	0	0	0.00146215273872455	0.00810249307479224	0.00483635136655044	0.0533587257617729	0.0682712855696772	0.0577908587257618	0.000562366437970982	6.92520775623269E-05	0.00269935890226071	0.0046398891966759	0.0358789787425486	0.0284972299168975	0.0349791924417951	0.048303324099723	0.0596108424249241	0.0388850415512465	0.0286806883365201	0.00813711911357341	0.0706332246091553	0.0128462603878116	0.00877291643234732	0.00460526315789474	0	0.0010387811634349	0	0.00148891966759003	0.0250815431335058	0.0021814404432133	0.000449893150376785	0.0197368421052632	0.000112473287594196	0.00131578947368421	0.00224946575188393	0.0302631578947368	0.0409402766842875	0.0286703601108033	0.0118096951973906	0.000450138504155125	0.0168709931391295	0.00876038781163435	0.00393656506579687	0.00162742382271468	0.11123608143066	0.0348684210526316	0	0.000727146814404432	0.101563378697559	0.212742382271468	0.000224946575188393	0	0.000337419862782589	6.92520775623269E-05	0.0683837588572714	0.105609418282548	0.0373411314812732	0.00408587257617729	0.0285682150489259	0.0326869806094183	0.0209200314925205	0.0128462603878116	0.0625351479023732	0.0742036011080332	0.000337419862782589	0.00266620498614958
0.0111057750030016	0.00555819759838307	0	0	0.0497358626485773	0.0255914873380097	0.0160283347340617	0.0183093567946736	0.0105054628406772	0.0222922363571514	0.00348181054148157	2.97229818095351E-05	0.000330171689278425	0	0.0054328250690359	0.000743074545238378	0.00855444831312282	0.0082035429794317	0.0026413735142274	0.00130781119961955	0	0.000505290690762097	0.0113458998679313	0.00163476399952443	0.0199303637891704	0.0243728450838188	0.00462240364989795	0	0.00105054628406772	0.0238675543930567	0.0353583863609077	0.0594756866008798	0.0370092448072998	0.0627452145999287	0	0	0	0.000237783854476281	0.0494357065674151	0.0712757103792653	0.00624324648817385	0.0697301153251694	0	0	3.00156081162204E-05	0.00178337890857211	0.00759394885340377	0.00237783854476281	0.126215632128707	0.0614076804184996	0.0486252851482771	0.0636369040542147	0.0365590106855565	0.017328498394959	0.0155781006123184	0.0354892402805849	0.00282146716292472	0.00532041374390679	3.00156081162204E-05	0	0.000210109256813543	0.0121269765782903	0.00276143594669228	0.00529069076209725	0.0174990995317565	0.0575734157650696	0.00759394885340377	0.00258589941742956	0.00636330892063873	0.0016050410177149	0.0134469924360668	0.0065985019617168	0.0024912954736463	0.00416121745333492	0.00537279385280346	0.0049934609440019	0.00114059310841638	0.000861966472476519	0.0328070596710289	0.013107834978005	0.00576299675831432	0	0.170608716532597	0.120675306146713	0.0161784127746428	5.94459636190703E-05	0.0495257533917637	0.0244322910474379	0.0674750870452635	0.104714064914992	0.0202305198703326	0.0153965045773392	0.000120062432464882	0.00526096778028772	0.00564293432584944	0.000921412436095589	0.0572697802857486	0.0272559743193437	0.00399207587945732	0.00915467839733682
0	0.000111906893464637	3.17440162529363E-05	0	0.0125706304361628	0.00299350940017905	0.000920576471335153	0.000251790510295434	0.00387276998285823	0.00257385854968666	0	0.0129252461951656	0.00390451399911117	0.00623880931065354	0.0248238207097962	0.0117782005371531	0.0103485492984572	0.00159467323187108	0.00107929655259984	5.59534467323187E-05	0.00120627261761158	0.00299350940017905	0.00736461177068123	0.0227730528200537	0.010475525363469	0.038803715308863	0	5.59534467323187E-05	0.0088248365183163	0.00660250671441361	0.0352993460732652	0.0314458370635631	0.0572979493365501	0.0189402417188899	0.00250777728398197	0	0.0060313630880579	0.00551141450313339	0.0282839184813663	0.055477842435094	0.0455526633229636	0.0243677260519248	0.000984064503841026	0.00260183527305282	0.00711065964065774	5.59534467323187E-05	0.00657101136435782	0.0111627126230976	0.0838042029077519	0.038803715308863	0.0545997079550505	0.045294315129812	0.0113326138022983	0.0138205013428827	0.0364738746746238	0.103262085944494	0.0105390133959749	0.0290398388540734	0.000698368357564599	0.001930393912265	0.000888832455082217	0	0.00587264300679322	0.0227170993733214	0.0327915687892832	0.0378245299910474	0.00180940892641737	0.00355304386750224	0.0205066344993969	0.00414055505819158	0.020951050726938	0.0146318263205013	0.00488857850295219	0.00302148612354521	0.0195225699955558	0.0137085944494181	0.00584089899054028	0.00131490599820949	0.0416481493238525	0.0352226947179946	0	0	0.14789537172243	0.0776354073410922	0	0.0180449865711728	0.0226652276045965	0.057408236347359	0.077264935559647	0.109053267681289	0.0334581931305949	0.0224093554162936	0.0161894482889975	0.0241159355416294	0.00406323408037585	0.00276969561324978	0.0544727318900387	0.0392793196060877	0.0136499269887626	0.0193878692927484
0	0.000113700966458215	0.0014215449350354	2.84252416145537E-05	0.00885622494527052	0.00324047754405912	0.0540187075313451	0.00170551449687322	0.00253034998436301	0.00514496873223422	0.000838711511670884	0.00170551449687322	0.00676655389076849	5.68504832291074E-05	0.027592187189037	0.00412166003411029	0.00483325277912035	2.84252416145537E-05	0.00122252864413044	0.00181921546333144	0.00180536206749495	0	0.0127370426179172	0.000511654349061967	0.023654507718989	0.00278567367822626	0.0026867199272169	0	0.0112586358854803	0.0217737350767482	0.0258436869189435	0.0552018192154633	0.0450771898899724	0.0489766913018761	0.00149262218178717	0	0.000582833423364513	0.0120523024445708	0.0379694652147954	0.0625923820352473	0.0766212719984079	0.0650369528140989	0.00390924857134734	0.00483229107447413	0	2.84252416145537E-05	0.0086145623063145	0.0141557703240478	0.0653910670116282	0.103752131893121	0.0548858499417167	0.0604889141557703	0.00840133056605919	0.00898237635019898	0.0302646916669036	0.0448550312677658	0.0223893327268075	0.000596930073905628	0	0	0.00729252551673158	0	0.00344013874278566	0.00386583285957931	0.0290421630227732	0.0383172256964184	0.00170585392204248	0.0194144400227402	0.00945327381798539	0.0101478112563957	0.0162056122594035	0.00770324047754406	0.00218917919995451	2.84252416145537E-05	0.00686606203622096	0.0104889141557703	0.00241662638956017	0.0011654349061967	0.0234412759787337	0.0177373507674815	0.0050322690700253	2.84252416145537E-05	0.124783214397407	0.189567936327459	0.00302789071162539	0.000625355315520182	0.0469109828561681	0.026435474701535	0.100887044039462	0.0486924388857305	0.0130639979529753	0.00935190449118817	0.0168879538282205	0.00946560545764639	0.00380974042589486	0.0193860147811256	0.0364341966849572	0.0446560545764639	0.00281465897137008	0.00776009096077317
0.0115028901734104	0.00824447620094537	0.00531791907514451	0	1.92678227360308E-05	0.000329779048037815	0.0311946050096339	0.000274815873364846	0.00595375722543353	0.0557876222930636	1.92678227360308E-05	5.49631746729691E-05	0	0.000274815873364846	3.85356454720617E-05	5.49631746729691E-05	0.0033140655105973	0.0374848851269649	0.0015606936416185	0.00126415301747829	0.00300578034682081	0	0.00805394990366089	0.000109926349345938	0.00317919075144509	0.00307793778168627	0.00242774566473988	0	0.00732177263969172	0	0.0337957610789981	0.0123117511267451	0.0326589595375723	0.0241837968561064	0	5.49631746729691E-05	0.0071868978805395	5.49631746729691E-05	0.0330250481695568	0.14180499065626	0.000134874759152216	0.0158843574804881	0.00310211946050096	0.000164889524018907	0.000192678227360308	0.0279762559085413	0.0118304431599229	0.049851599428383	0.296763005780347	0.0202814114543256	0.04	0.0830493569308563	0.0183622350674374	0.00621083873804551	0.0354142581888247	0.000879410794767506	0.00379576107899807	0.00522150159393207	0	0	0.000115606936416185	0	0.0229094412331407	0.000219852698691876	0.0146628131021195	0.00643069143673739	0.000404624277456647	0.000109926349345938	0.0159730250481696	0	5.78034682080925E-05	0.000274815873364846	5.78034682080925E-05	0.00109926349345938	0.011868978805395	0.00643069143673739	0.00148362235067437	0.00912388699571287	0.0195568400770713	0.0540837638782016	3.85356454720617E-05	0	0.130867052023121	0.206386720896999	0.00242774566473988	0.0104979663625371	0.00354527938342967	0.0768385181928108	0.0679576107899807	0.00148400571617017	0.0018111753371869	0.000109926349345938	0.0110789980732177	0.000274815873364846	0	0.0596350445201715	0.0916570327552987	0.0627679454765307	0.00285163776493256	0.000109926349345938
0.0135841170323929	0.0189299073020003	0	0	0.00448370855894367	0.0308993332249146	0.0310249833760806	0.0406895430151244	0.0105823121497103	0.000845665961945032	7.59950603210791E-05	0.00487884208814441	1.89987650802698E-05	0	0.00351477153984991	0.0123272076760449	0.00438871473354232	0.00133355017075947	0.00271682340647858	0	1.89987650802698E-05	0	0.00157689750166239	0.00549682875264271	0.0226845255058421	0.00478126524638153	0.00349577277476964	0.0112538624166531	0.00841645293055951	0.0091722231257115	0.0204616699914506	0.0486257928118393	0.0154269972451791	0.0463815254512929	0.00564263322884012	0	0.00311579747316424	0.017466254675557	0.042538235014724	0.049796714912994	0.0400493967892087	0.0465116279069767	0.00370475919065261	0.0174012034477151	0.00153889997150185	0.00126849894291755	0.0191887527310725	6.50512278419255E-05	0.0589341692789969	0.0704504797528053	0.0334378265412748	0.012229630834282	0.0167759095658782	0.0120995283785981	0.0497387669801463	0.0354854447877704	0.0211456255343403	3.25256139209628E-05	0	0	0.00227985180963237	3.25256139209628E-05	0.0211646242994205	0.00549682875264271	0.0243754155979861	0.0234834932509351	0.020214686045407	0.0066352252398764	0.0167949083309585	0.0378272889900797	0.0229315094518856	0.013107822410148	0.00398974066685665	0.00458611156285575	0.0200246983946043	0.0121645796064401	0.00351477153984991	0.00123597332899658	0.0571672841265318	0.0259229142950073	0.00271682340647858	0.00354529191738494	0.149805262657927	0.16181492925679	0.00720053196542225	3.25256139209628E-05	0.0217915835470694	0.0590990404943893	0.113270637408568	0.080370791998699	0.0102973306735062	0.0220523662384128	0.0111522751021184	0.00282972841112376	0.0044647097938634	0.00169133192389006	0.0439061461005035	0.0371117254838185	0.00153889997150185	0.00240689543015124
0.00500623077643398	5.03473970395731E-05	0.00239146563708789	0.000931426845232101	0.0227405331815857	0.0100694794079146	2.16096292507942E-05	0.0288490585036754	0.016516959957357	0.00740106736481724	0	0.00372570738092841	0.00571214533195992	0.00395227066760648	0.011647590166178	0.0103463900916323	0.00399057820164665	0.00382640217500755	0.00113090393079156	0.000906253146712315	7.20320975026472E-06	0.00219011177122143	0.00598586730246998	0.0113281643339039	0.0232303514446037	0.0137448393918034	0.000741930604277266	0.00500956600543752	0.0153500399778141	0.00687241969590172	0.0168843236546205	0.0407310442050146	0.0408782153327523	0.0538465411338234	0	0.00334810190313161	0.00438675473791121	0.0143238344577585	0.0522376771089197	0.0415869499546873	0.0375071131696284	0.0337075823179942	7.20320975026472E-06	0.00251736985197865	0.00622357322422872	2.51736985197865E-05	0.0213647201192852	0.0121588963850569	0.0943908605674689	0.080656530057396	0.042938333321328	0.0383898902426745	0.0119213121366881	0.00432987614540328	0.0307144863751288	0.0253247407109052	0.0346546421085236	0.0210703856610613	0	0.00183767999194442	0.000965230106535472	0.00289497532977545	0.00342872784112601	0.00959117913603867	0.0257010523889445	0.0203906958010271	0.00497021472768266	0.00641929312254556	0.00556087792720436	0.0115799013191018	0.0141975264177718	0.0211962541536603	0.00419947128440433	0.00440539724096264	0.0115467452296743	0.008961836673044	0.00233383995908577	0.00516060819655624	0.0753599804072695	0.0325747658846038	0.00201689873007412	0.00113281643339039	0.159781598680372	0.164006645856409	0.00140462590130162	0.00231598026382036	0.0208821050660174	0.0588561071392609	0.0955793901762625	0.0795740610210452	0.0054312201516996	0.0142483133621992	0.00487657300092921	0.0151797402074313	0.00162792540355983	0.00490887121135837	0.0437378896036074	0.0432987614540328	0.00123895207704553	0.00898701037156379
0.0103959050552636	0.0446818689204274	0	3.18928400574071E-05	0.018232469650299	0.000191357040344443	0.0280394999094039	0.0299154839738479	0.0296702301141511	0.00596396109073513	0.000113245153107447	0.00816456705469622	0	0.000159464200287036	0.00525457510418554	0.00226439164407591	0.00586609893096575	0.0171902407909424	0	0.000255142720459257	0	0.000159464200287036	0.0286736727668056	0.00928081645670547	0.0340188439934771	0.0153723489076702	0.0284018843993477	0.00928081645670547	0.00169867729661171	0.00114814224206666	0.0233058525095126	0.0194227395949609	0.0462719695597028	0.0547281135385106	2.26490306214894E-05	0	0.000113245153107447	0.00873863817572955	0.0428519659358579	0.0319566257375219	0.0250724768979888	0.00867485249561474	0.000135894183728936	0.000255142720459257	2.26490306214894E-05	3.18928400574071E-05	0.00912755934046023	0.000191357040344443	0.107718789635804	0.0594801467070643	0.0194328682732379	0.0372508371870515	0.0229887660808117	0.0150853133471536	0.0441656097119043	0.0911178440440121	0.000181192244971915	0.00998245893796843	0	0	0	0.0118960293414129	0.000996557347345534	0.00784563865412215	0.00520927704294256	0.0477754744059959	0.00233285015401341	0.000605963961090735	0.0315727486863562	0.0251634508052942	0.0173944555173039	0.00966353053739435	0.000407682551186809	0	0.0288095669505345	0.0334236963801627	0.00351059974633086	0.00331685536597034	0.0367593766986773	0.0110987083399777	2.26490306214894E-05	0	0.0945823518753397	0.118386222293095	0.0101467657184273	0.000255142720459257	0.0529760826236637	0.027810556530059	0.127921724950172	0.122404720140328	0.00781391556441384	0.0191357040344443	0.0176662438847617	0.0139052782650295	0.00158543214350426	9.56785201722213E-05	0.0166470375067947	0.0561951841811513	0.011800144953796	0.0022324988040185
0.0220831097597329	1.89584241757825E-05	0	0.000265417938460955	0.00368449293507423	0.0100669232373405	0.0447862636379896	9.47921208789125E-05	2.38478507124545E-05	0.00832274821316852	0	0.00432252071207841	0	0.0048723150131761	0	0.00911900202855139	2.38478507124545E-05	0.00295751417142207	0.000238478507124545	0.000739378542855518	0	0.000928962784613343	0.00672509390091218	0.00919483572525452	0.00671316997555595	0.0201148880505052	1.19239253562273E-05	0.000113750545054695	0.0095749120610505	0.0140102754659033	0.0428426638049246	0.0200011375054505	0.0797949084838729	0.0679280338218287	1.19239253562273E-05	0	0.0237763071603172	7.583369670313E-05	0.0406128897633101	0.05596526816691	0.000119239253562273	0.0476425199537414	0.003147916294044	0.00128917284395321	1.19239253562273E-05	0	0.001049305431348	0.0117921398373367	0.0859595778930424	0.123684759322805	0.0935193465688905	0.0485714827383548	0.00482918976927204	0.0153563235823838	0.0181959100936028	0.0478131457713235	0.00113277290884159	0.0300491023186153	0	1.89584241757825E-05	0.000250402432480773	1.89584241757825E-05	4.76957014249091E-05	0.00621836312965666	0.0273534847671854	0.017953627694466	4.76957014249091E-05	0.00995317269228582	0.00738090979550468	0.00250251199120329	0.0155964943659453	0.0176502929076535	0	0.00164938290329308	0.014582960710666	0.00540315089009802	0.00307637274190664	0.00403814434944167	0.0519525427770822	0.0423910364570497	0.000321945984618136	0.00515669137581284	0.115197042866512	0.143837564221662	0.0115900554462529	0.00386751853185963	0.0587253323794193	0.0396420649515612	0.14563882430096	0.0480027300130813	0.0289274429142074	0.00868295827250839	0.0125201216240386	0.0103323411758015	0	0.00481543974064876	0.01773087700471	0.0588848654899805	1.19239253562273E-05	0.0125125599560165
0	4.60203870314549E-05	0.00346601197551574	0.00309487102786534	0.00545452525634047	0.0219057042269725	0.00189964117888843	0.0333417704042891	0.0129197818189897	0.00832969005269334	0.00472133041536599	0.000713315998987551	0.00583223168956975	0.00723670586069629	0.00708755012942	0.018235578361214	0.00684315184909517	0.00768540463425297	0.00093315707033116	0.00200188683586829	0.000944266083073197	0.00149566257852229	0.0117644444938178	1.15050967578637E-05	0.0130864170101203	0.0102510412112566	0	0.0026346671575508	0.00294388837663997	0.0188338433926229	0.0349933901374185	0.0326514645988173	0.0501349745048158	0.0612531351388665	0.000499905573391693	0.00116201477254424	0.00563226946021307	0.00464805909017695	0.0446915582612173	0.0611150739777722	0.0563782396658409	0.0731379000897397	0.00506570981036915	0.00576405347568973	0	0.00425688580040958	0.00719864025684037	0.0203064957776295	0.0593776731061911	0.0787638924043351	0.072941777664219	0.0417519961342875	0.00999811146783385	0.00604017579787846	0.0329937678438517	0.035378172530431	0.0160636324249864	0.017982466232541	0.000222180254840752	0.00291078947973952	1.11090127420376E-05	0.00258864677051934	0.00610995700812069	0.0126556064336501	0.0221735894331071	0.0166133597183552	0.00279947121099348	0.00557997192756391	0.00822066942910784	0.0132998918520905	0.0247730984147439	0.0247474631261649	0.00204405834453492	0.00554545663729032	0.00823177844184987	0.00997491888906786	0.00393259051068132	0.00437193676798822	0.0330604219203039	0.0323753422766285	0.000399924458713354	0.00220897857750984	0.135385538287212	0.0951241399940174	0.00158858882211138	0.00233553464184634	0.080029327793639	0.000149566257852229	0.101703011653354	0.0706758093835569	0.0123198951309197	0.00605168089463632	0.0154082006732062	0.0123449688211878	0.00680982481086906	0.0133344071423641	0.0530788628814557	0.0801675142087945	0.00429918793116856	0.00199038173911043
0.000209168223543785	0	0.00231511192876871	0.0133142771174966	0.0132298901391444	0.0141417180683015	3.803058609887E-05	0.0003008876184745	0.00460170091796327	0.00135399428313525	0.000732088782403248	0	0.00177317607685981	0.000902662855423499	0	0	0.00975484533436016	0.00105310666466075	0.00201562106324011	7.52219046186249E-05	0.00199185194692832	7.52219046186249E-05	0.00989746003223092	0.00526553332330375	0.0145752221223919	0.0307657589890176	0	0	0.0111619770200183	0.0121859485482172	0.0217962796579149	0.0292613208966451	0.053309374064091	0.0610049646457048	0.00158777696962782	0	0.0172849013819364	0.0176019256807582	0.0478567387821656	0.0639386189258312	0.0697766178449018	0.0705581465322702	0.00713548871680049	0.00376109523093125	0.00167334578835028	0	0.00661732198120338	0.0039115390401685	0.0683789938057683	0.134421543553483	0.0337426375162224	0.0364074018354145	0.0118132508069615	0.00594253046487137	0.0415959535456391	0.0237701218594855	0.0133820124835399	0.0185045885361817	0.00124074787147563	0.00127877237851662	0.00631783111567478	0.000225665713855875	0.00707844283765218	0.0123363923574545	0.0354920444767704	0.0368587332631262	0.00640339993439724	0.00248232285241462	0.0197188588922641	0.00293365428012637	0.0327681037474389	0.0394914999247781	0.00221052781699682	0.00015044380923725	0.012402724891494	0.00398676094478712	0.00318506158578036	0.00105310666466075	0.0447810151314194	0.0331728599368136	0.00219151252394738	0.00195576952008425	0.161996035311399	0.149014593049496	0.00517215970944632	0	0.0325256587610586	0.0792086655634121	0.0584054726013396	0.0197081390100797	0.0211782826338082	0.00549119903715962	0.0179789595782408	0.00865051903114187	0.00469202355994809	0.00428764856326162	0.0456557186116935	0.0394162780201595	0.00621800082716525	0.00383631713554987
1.13158013850541E-05	0.0046242774566474	0.00115421174127552	0.00149170240537013	0.00890553569003757	0.0103673317173224	0.0550853211424433	0.0282677605817639	0.00632553297424524	0.00589222450121201	0.00402842529307926	3.72925601342532E-05	0.00220658127008555	0.000447510721611039	0.0138392250939212	0.00436322953570763	0.00409632010138958	0.00391571881409659	0.000973158919114652	0.000447510721611039	0.00133526456343638	0.000298340481074026	0.00883764088172724	0.00965877307477158	0.0179015977911556	0.0235316054447138	0.00695921785180826	0.00399030393436509	0.00294210836011406	0.00492261793772142	0.0418232019191599	0.0438560507178818	0.0379984610510116	0.0632481819876935	0.00148236998144209	0.00130523960469886	0.00477526818449283	0.0148051463732985	0.0459647852260897	0.0386723848592206	0.0483863667224913	0.0331530859593511	0.00415289910831485	0.00316986761141152	0	0	0.00680079663241751	0.0255081111318292	0.0896098311682433	0.090285288085027	0.0381795138731725	0.0525452172291628	0.0164984384194089	0.0152899496550438	0.0275426605712217	0.0215550997575984	0.0106029058977957	0.0237553608055193	0.000611053274792921	0.00011187768040276	0.00262526592133255	0.00358008577288831	0.00545421626759607	0.00425135185530487	0.0245552890055674	0.0223382435204177	0.0044131625401711	0.00328174529181428	0.00534105825374553	0.00238672384859221	0.0189426515185805	0.0220771955994779	0.00164079120083284	7.45851202685064E-05	0.00630290137147513	0.00652619802349431	0.00331552980582085	0.00152899496550438	0.0251210790748201	0.0280812977810927	0.00211605485900511	0.00234943128845795	0.151892001991581	0.12608614581391	0.00442447834155615	0.00137982472496737	0.0629158557009007	0.0572440798060787	0.100608790114516	0.1053887749394	0.0190897569365862	0.00943501771396606	0.0116326438238356	0.00648890546336006	0.00493368940388358	0.00261047920939773	0.026354501425791	0.0510535148237927	0.00482053139003304	0.0100689912362484
0.00877060661566642	2.29737180665319E-05	0.00374959594871242	0.00114868590332659	0.0076931365154617	0.00539882374563499	0.0159250080810258	0.0347592354346627	0.0053873505010236	0.00990167248667524	0.00368494774270014	0.00615695644183055	0.00316776209460187	0.00282576732218342	0.0057752397370973	0.00744348465355633	0.011184139640125	0.00390553207131042	0.00176705096433574	0.00176897629112296	0.000323241030061416	0.00073515897812902	0.000150845814028661	0.0141518103289836	0.0251481521387781	0.0174140782944312	0.00465467083288439	0.00516908656496968	0.00780088352548217	0.00595019297923176	0.0456200840426678	0.0425702995772836	0.0697338648852494	0.0493475464069105	0	0.0015162653923911	0.00993427432388751	0.000114868590332659	0.0210968645620084	0.035287630950193	0.0149768343928456	0.0445230656129388	0.00831806917358043	0.00553666605403419	0.00418058398879431	0.00227439808858666	0.0119599181122724	0.0107057526190039	0.0424092231440578	0.0629479875022974	0.0592393061092555	0.0568369784965999	0.0124124555543584	0.0106827789009373	0.0457924792587006	0.0591573240213196	0.0398879431095787	0.0108895423635361	0.0111410408361168	0.000114868590332659	0.00859821139963366	0.00282576732218342	0.00161620515030708	0.00321632052931446	0.0354056674927271	0.0446379342032715	0.00271522465251589	0.00369876860871163	0.00762848830944941	0.0127044660907921	0.0127356965844198	0.00333118911964712	0.00275832345652408	0.000895975004594744	0.00545199870703588	0.00765024811615512	0.000948173688180153	0.0053299025914354	0.0320870595840965	0.0271319610365742	0.000237043422045038	0.00112571218526006	0.126387242754014	0.175059731666973	0.00209029199439716	0.015116706487778	0.0042236827928025	0.0435581694541445	0.160025859282405	0.0598924829994486	0.0287469022734619	0.0226980334497335	0.0129080918004525	0.0203547142069473	0.00508565887296628	0.00454879617717331	0.040405128757677	0.0278900937327697	0.000732679668139209	0.00539882374563499
0.00612842219020173	0.0184920703915749	0.0017471181556196	0.00404863327579141	0.00309798270893372	0.00858161225022044	0.0322181195965418	0.000322897132425082	0.00482708933717579	0.00504216291402243	0.0146613832853026	0	0.00139589337175793	0.00155239005973597	0.00384546109510086	0.000149029445734653	0.00772694524495677	0.00774953117820196	0.00120677233429395	0.000869338433452143	0.00185969020172911	0.00150271357782442	0.0102935878962536	0.00887967114168975	0.017318083573487	0.0216465269929584	0.00172910662824207	7.45147228673265E-05	0.0046424711815562	0.00634617056420064	0.0285932997118156	0.029321543448293	0.0516300432276657	0.0580966455955589	0.00144542507204611	0.00274462562561319	0.00608789625360231	0.002434147613666	0.0348342939481268	0.056867152668248	0.0180115273775216	0.00193738279455049	0.0080871757925072	0.00625923672085543	0.00571865994236311	0	0.00810068443804035	0.0400765017821438	0.0447451368876081	0.0916655282472895	0.0526792146974063	0.0545820345003167	0.0133780619596542	0.0260553147626085	0.049585734870317	0.0362762509159101	0.0151792146974063	0.0102085170328237	8.10518731988473E-05	0.00175109598738217	0.0018146613832853	4.9676481911551E-05	0.00619596541786744	0.00474410402255312	0.041322946685879	0.0302778157250903	0.00573216858789625	0.0082214577563617	0.0145037824207493	0.0123694439959762	0.0324207492795389	0.00856919312974255	0.00269272334293948	0.00319171396281715	0.0130223342939481	0.0146794004048633	0.00748829250720461	0.00695470746761714	0.0567318083573487	0.0443238409855814	0.00129682997118156	0.00158964742116963	0.132506304034582	0.143763738652029	0.00284131844380403	0.0049676481911551	0.0298811239193084	0.0510301660436408	0.100846541786744	0.0785012605407285	0.0272109149855908	0.0216465269929584	0.0358699567723343	0.0127916940922244	0.00683537463976945	0.00211125048124092	0.0223207853025937	0.0247140497509966	0.00314301152737752	0.0181691732591498
0.016028955532575	0.00553325832507683	0	0.00111672740096391	0.0281153050672182	0.00271205225948379	0.00794984488107549	0.0609917882752019	6.46328852119959E-05	0.00917731615980117	0	0.00738047658231037	0	0.00361886849485298	0.000129265770423992	0	0.000129265770423992	0.00709499739710155	0.00142192347466391	0.00117550252733043	0	0.0017296680045005	0.000193898655635988	0.00839644662378881	0.0400723888314374	0.0101932862012796	0	0.00984903188970428	0.0208764219234747	0.00858116844951217	0.0321225439503619	0.0317973433642882	0.093846949327818	0.0362138742884012	0	0.0010495558279736	0.0254007238883144	0.0074308552620531	0.0732290589451913	0.0258946413877647	0.093976215098242	0.000445011671060807	0.000193898655635988	0.00373641874758602	0.0110522233712513	0.00411425884565652	0.000452430196483971	0.00711179029034912	0.0398784901758014	0.116609850711179	0.0946871768355739	0.0460461132848578	0.00206825232678387	0.0090093872273254	0.0213934850051706	0.0579774639372618	0.0849276111685626	0.0100841323951704	6.46328852119959E-05	0.00235100505466087	0	0.0145762313388974	0.00904860392967942	0.00628054207459403	0.00258531540847983	0.0496817746729584	0	0.00651564258006012	0.00426577042399173	0.0168264790340728	0.00200361944157187	0.0158524912257133	0	0.00188920049035248	0.031346949327818	0.0131152496263581	0.00323164426059979	0.0071285831835967	0.00685108583247156	0.0428302742279467	6.46328852119959E-05	0.00185561470385733	0.125517063081696	0.0491444020890359	0.000129265770423992	0.00421501620514198	0.00840227507755946	0.0346605316630002	0.0502843846949328	0.139431392634637	0.000193898655635988	0.0045760634099649	0.00180972078593588	0.013635829317033	0	0.0146517993585115	0.0659255429162358	0.0587583334732741	6.46328852119959E-05	0.00214949033568994
0	0.0108198178182626	0.000973441575138669	0.00226616307487225	0.0146750909157698	0.0207953788047101	0.0521250413253499	0.0175960897578316	0.00686919149248797	0.0104421239724506	0.00227748594938104	0.00697622750499889	0	0.000977560542101755	0.0283124563787973	0.000111086425238836	0.00467435624288286	0.010019995556543	0.000973441575138669	0.00164407909353477	0.000367336443448555	0.00513219284603421	1.83668221724277E-05	0.011353032659409	0.00445395437681372	0.0225505443234837	0.00509679315284869	0.00215507664963341	0.0122874040333541	0.0135303265940902	0.00877015758733424	0.0201955121084204	0.0306266759725232	0.0434792268384803	0	0.00273272606087536	0.0253094809536054	0.0060208842479449	0.0404804760680307	0.0408131526327483	0.0764151636483856	0.0329037991557432	0.00462843918745179	0.00351033103754721	0.00328766116886456	0.00610975338813597	0.00120302685229402	0.00786491890690958	0.0342816735848364	0.102155076649633	0.0549167982955589	0.0212619417907132	0.00926606178598979	0.0126638524772273	0.0337123020974911	0.043034881137525	0.0197167836021012	0.0241279715618751	0	0	0.00887117510928259	0.00248833592534992	0.00159791352900121	0.0163963563652522	0.0367611945781141	0.016796267496112	0.00369173125665797	0.0014885580982004	0.0123333210887852	0.00715396578538103	0.0122047533335782	0.0323261497445012	0.00103772545274217	8.88691401910687E-05	0.00912831061969658	0.0170406576316374	0.00842118796605811	0.00748722506109753	0.0515097527825736	0.0225505443234837	0.00370091466774419	0.00271050877582759	0.185018183153951	0.0888913574761164	0.00421518568857216	0.00402132859364586	9.18341108621386E-06	0.0130193290379916	0.0962145979502626	0.168007109531215	0.0133251294860963	0.0220617640524328	0.0249972449766741	0.017173961341924	0.00931197884142086	0.00488780271050878	0.0340337214855086	0.0502777160630971	0.003048892480623	0
0.00679057894421953	4.96204039100878E-06	0.00212392557286162	0.000168709373294299	0.0132720419599944	0.00555748523792984	9.97148156273059E-06	0.0391753088870143	0.00529485670980994	0.00990423262045353	0.00623217597670662	0	0.00168518038410147	0.00177144841959014	0	0.0167419242792636	0.0114472608340147	0.0144941199821367	0.00219372594380073	0.0014687639557386	0.00306124483975829	0.00148365007691163	0.0077578126558044	0.0194859326154915	0.0161538001316236	0.0216890785490994	0	0.0105294497097206	0.00145583630815867	0.00764154220215353	0.0147179067865904	0.0347590929390165	0.0372434836367988	0.0319654641988786	0.00157549408691143	0.000719495856696274	0.00371936262289851	0.00597925867116558	0.0420896236762858	0.0259167369622389	0.0024130985381808	0.0152930084850891	0.00380910595696309	0.0094328387833077	0.00540454300699998	0	0.00460682448198153	0.015243388081179	0.101838741200168	0.0541755569890339	0.0403645573659334	0.0524289187713988	0.0332548910117065	0.0118344663325559	0.01373073011188	0.0510891678658264	0.00699998005703687	0.00555252319753883	0.000568374449075644	0	0.00503559818917895	0.0067235647298169	0.00874498933051473	0.00650027291222151	0.0318987695191752	0.0266461568997172	0.00597291745607562	0.00357763112191733	0.0197535049757693	0.0194511983327544	0.0289372394950442	0.00978018161067831	0.00253275631693357	0.00527961097603334	0.0158546556847416	0.0122363916042277	0.00307121632132102	0.00747283282885923	0.059479887521688	0.0505830397459435	0	0.00247109611472237	0.138643479648206	0.0963132039894805	0.00335041780507748	0.00387535354537786	0.0289372394950442	0.0556740931871185	0.141704724487964	0.128988239964273	0.0221267175876992	0.0415521262343075	0.0281096065253375	0.0243239219967251	0.00646152005264942	0.00119088969384211	0.0495881778114592	0.023723515109413	0.00299144446881918	0.00518533220860418
0.0245443879546343	0.00278688378158692	0	6.252623868945E-05	0.0107469691044192	0.0180700829812511	0.0275009777082519	0.0158280707082436	0.00242471646460696	0.00710119425115897	0.00544387954634337	0	1.56433320297223E-05	0	0.0118576456785295	0.0157208828704903	0.0187876417676965	0.00772645663805347	0.00522487289792726	0.00194724571918573	0.0011888932342589	0.00292086857877859	0.0130621822448181	0.0165515886130787	0.0336644505279625	0.0148097862495869	0.000985529917872507	0.0101113860280653	0.0060226828314431	0.00217055371450519	0.0353539303871725	0.0284047770046359	0.0395463433711381	0.0278509731762436	0	0.000285834234008914	0.000907313257723895	0.0198208176645557	0.0494172858818928	0.040624190508517	0.0242002346499804	0.0387484033478335	0.00269065310911224	0.00498423445553045	0.000484943292921392	0	0.0137504888541259	0.0052522040499138	0.0734141572154869	0.115057211508401	0.0675948377004302	0.0434021419702911	0.0328822839264763	0.0235098657472332	0.033523660539695	0.0455816280046091	0.0217129448572546	0.0190169088814056	0	0	1.56433320297223E-05	0.00364438648361366	0.00433320297223309	0.00923601868641305	0.0238404380132968	0.0254213821871678	0.0026593664450528	0.00358186024492421	0.00300351974970669	0.00884299661465079	0.0157059053578412	0.0241083311746894	9.3859992178334E-05	0.00177753164274294	0.00107938991005084	0.0104240172215126	0.00649198279233477	0.00179539628236849	0.0341493938208838	0.0440452689968112	0	7.14585585022286E-05	0.143715291357059	0.126955061499022	0.00747751271020727	0.00246532026832689	0.00822839264763395	0.0682697203290667	0.0807665232694564	0.0689307119952123	0.0183026984747751	0.0183023232963833	0.0388423934298005	0.0293783998642287	0.0266405944466171	0.000107187837753343	0.0264998044583496	0.0185881575303922	1.56433320297223E-05	0.00309058265522139
0.0101456194795894	0	0.002984005729291	0.00035127643164237	0.00692289329195512	0.00548296691128743	0	0.0679261708578018	0.00859393650035808	0.00814808592526976	0.00107424206254476	0.000679643530786325	0	0.000901100411604341	0.00274528527094772	0.0134783239532344	0.00966817856290284	0.00920191522019687	0.00167104320840296	0.00326076165894113	0	0.00143565150323403	0	0.00823208681109728	0.0163523513965147	0.0180983726737482	0.00023872045834328	0.00891173034188361	0.0182621150632609	0.0135394155065635	0.0697063738362378	0.0312254201953402	0.0802100740033421	0.03363853655184	0.00107424206254476	0.000412367984971478	0	0.0244213484433109	0.043447123418477	0.0350283693900772	0.0379565528765815	0.0417942589212759	0.0017904034375746	0.00300112255729242	0.0011936022917164	0.00363494742308192	0.0121747433755073	0.00881245656772381	0.0855812843160659	0.0481554169116693	0.037479111959895	0.0399080572122397	0.00919073764621628	0.0170827255996518	0.0540701838147529	0.0253071759665829	0.0360467892098353	0.0102175622942933	0.00107424206254476	8.40008858275233E-05	0	0.00497132515215615	0.0053712103127238	0.00323785232644272	0.008952017187873	0.0626112057181694	0.00334208641680592	0.00220693236401402	0.0100262592504178	0.0109812067109071	0.0212461207925519	0.0197554810578002	0.00346144664597756	0.00124474039908057	0.0190976366674624	0.0144176065856694	0.0011936022917164	0.010034287634306	0.043089042730962	0.0496979786332292	0.00871329672952972	0.000672007086620186	0.0914299355454763	0.128368626432788	0.0005968011458582	6.10915533291078E-05	0.0368823108140368	0.0326076165894113	0.11864406779661	0.0801215721911249	0.00250656481260444	0.0236500675825309	0.0168297923132012	0.019243839298669	0.00549057054189544	0.00542951180212446	0.0489376939603724	0.0399004207680736	0	0.00550587624378584